<wpml-config>
    <admin-texts>
        <key name="digeco">
            <key name="phone" />
            <key name="email" />
            <key name="address" />
            <key name="online_button_text" />
            <key name="copyright_text" />
            <key name="error_title" />
            <key name="error_text1" />
            <key name="error_text2" />
            <key name="error_buttontext" />
            <key name="team_slug" />
            <key name="service_slug" />
            <key name="portfolio_slug" />
            <key name="testimonial_slug" />
            <key name="wc_related_title" />
            <key name="wc_related_subtitle" />
        </key>
    </admin-texts>
	<custom-types>
        <custom-type translate="1">digeco_team</custom-type>
        <custom-type translate="1">digeco_service</custom-type>
        <custom-type translate="1">digeco_portfolio</custom-type>
        <custom-type translate="1">digeco_testim</custom-type>
    </custom-types>
    <taxonomies>
        <taxonomy translate="1">digeco_team_category</taxonomy>
        <taxonomy translate="1">digeco_service_category</taxonomy>
        <taxonomy translate="1">digeco_portfolio_category</taxonomy>
        <taxonomy translate="1">digeco_testimonial_category</taxonomy>
    </taxonomies>
	<custom-fields>
       <custom-field action="translate">digeco_team_designation</custom-field>
       <custom-field action="translate">digeco_team_email</custom-field>
       <custom-field action="translate">digeco_team_phone</custom-field>
       <custom-field action="translate">digeco_team_address</custom-field>
       <custom-field action="translate">digeco_team_contact_form</custom-field>
       <custom-field action="translate">skill_name</custom-field>
       <custom-field action="translate">skill_value</custom-field>
       <custom-field action="translate">digeco_service_contact</custom-field>
       <custom-field action="translate">digeco_service_email</custom-field>	   
       <custom-field action="translate">digeco_service_button</custom-field>
       <custom-field action="translate">digeco_service_icon</custom-field>
       <custom-field action="translate">digeco_service_img</custom-field>
	   
       <custom-field action="translate">digeco_port_info_title</custom-field>
       <custom-field action="translate">digeco_port_des</custom-field>
       <custom-field action="translate">digeco_client_name</custom-field>
       <custom-field action="translate">digeco_start_date</custom-field>       
       <custom-field action="translate">digeco_finish_date</custom-field>       
       <custom-field action="translate">digeco_website</custom-field>       
       <custom-field action="translate">digeco_tes_designation</custom-field>       
   </custom-fields>
</wpml-config>